<?xml version="1.0" encoding="UTF-8"?>
<project-private xmlns="http://www.netbeans.org/ns/project-private/1">
    <editor-bookmarks xmlns="http://www.netbeans.org/ns/editor-bookmarks/2" lastBookmarkId="0"/>
    <open-files xmlns="http://www.netbeans.org/ns/projectui-open-files/2">
        <group>
            <file>file:/D:/WebApplication2/web/login.html</file>
            <file>file:/D:/WebApplication2/web/friends_list.html</file>
            <file>file:/D:/WebApplication2/web/chatroom.html</file>
            <file>file:/D:/WebApplication2/web/my_invitationtable.html</file>
            <file>file:/D:/WebApplication2/web/my_album.html</file>
            <file>file:/D:/WebApplication2/web/friends_requests.html</file>
            <file>file:/D:/WebApplication2/web/info_modify.html</file>
            <file>file:/D:/WebApplication2/web/my_album_upload.html</file>
        </group>
    </open-files>
</project-private>
